Commodity,Min,Max,PSF
Tomato,659.0329279,1084.627779,0.0
Tomato,701.592413,1084.627779,7774729.163
Tomato,744.1518981,1084.627779,2132226351.0
Tomato,765.4316407,1084.627779,15920221.7
Tomato,786.7113832,1084.627779,2183248311.0
