Commodity,Min,Max,PSF
Onion,680.1330432,999.7749402999999,0.0
Onion,712.0972329,999.7749402999999,16813453.78
Onion,744.0614226,999.7749402999999,6715054980.0
Onion,760.0435175,999.7749402999999,29293357.63
Onion,776.0256122999999,999.7749402999999,6840668080.0
